lane	avip	compile_status	compile_sec	compile_signature	sim_status	sim_exit	sim_sec	sim_time_fs	uvm_fatal	uvm_error	cov_1_pct	cov_2_pct	sim_signature
interpret	apb	OK	18	OK	FAIL	0	4	0	1	0	-	-	UVM_FATAL @                 0 ns: reporter [INVTST] Requested test from command line +UVM_TESTNAME=apb_8b_write_test not found. | [circt-sim] Main loop exit: shouldContinue()=false at time 0 fs, iter=1, deltas=3 | [circt-sim] Simulation terminated at time 0 fs (success=true, verbose=false)
interpret	ahb	OK	19	OK	FAIL	0	4	0	1	0	-	-	UVM_FATAL @                 0 ns: reporter [INVTST] Requested test from command line +UVM_TESTNAME=AhbWriteTest not found. | [circt-sim] Main loop exit: shouldContinue()=false at time 0 fs, iter=1, deltas=3 | [circt-sim] Simulation terminated at time 0 fs (success=true, verbose=false)
interpret	axi4	FAIL	14	zero-byte MLIR output	SKIP	-	-	-	-	-	-	-	sim failed (missing sim_seed_1.log)
interpret	axi4Lite	OK	64	OK	FAIL	0	6	0	1	0	-	-	UVM_FATAL @                 0 ns: reporter [INVTST] Requested test from command line +UVM_TESTNAME=Axi4LiteWriteTest not found. | [circt-sim] Main loop exit: shouldContinue()=false at time 0 fs, iter=1, deltas=3 | [circt-sim] Simulation terminated at time 0 fs (success=true, verbose=false)
interpret	i2s	OK	29	OK	FAIL	0	4	0	1	0	-	-	UVM_FATAL @                 0 ns: reporter [INVTST] Requested test from command line +UVM_TESTNAME=I2sWriteOperationWith8bitdataTxMasterRxSlaveWith48khzTest not found. | [circt-sim] Main loop exit: shouldContinue()=false at time 0 fs, iter=1, deltas=3 | [circt-sim] Simulation terminated at time 0 fs (success=true, verbose=false)
interpret	i3c	OK	23	OK	FAIL	0	4	0	1	0	-	-	UVM_FATAL @                 0 ns: reporter [INVTST] Requested test from command line +UVM_TESTNAME=i3c_writeOperationWith8bitsData_test not found. | [circt-sim] Main loop exit: shouldContinue()=false at time 0 fs, iter=1, deltas=3 | [circt-sim] Simulation terminated at time 0 fs (success=true, verbose=false)
interpret	jtag	FAIL	0	zero-byte MLIR output	SKIP	-	-	-	-	-	-	-	sim failed (missing sim_seed_1.log)
interpret	spi	FAIL	0	zero-byte MLIR output	SKIP	-	-	-	-	-	-	-	sim failed (missing sim_seed_1.log)
interpret	uart	FAIL	0	zero-byte MLIR output	SKIP	-	-	-	-	-	-	-	sim failed (missing sim_seed_1.log)
compile	apb	OK	88	OK	FAIL	139	4	-	1	0	-	-	"UVM_FATAL @                 0 ns: reporter [INVTST] Requested test from command line +UVM_TESTNAME=apb_8b_write_test not found. | utils/run_avip_circt_sim.sh: line 343: 1279007 Segmentation fault      timeout --signal=KILL ""$timeout_secs"" ""$@"""
compile	ahb	OK	87	OK	FAIL	139	4	-	1	0	-	-	"UVM_FATAL @                 0 ns: reporter [INVTST] Requested test from command line +UVM_TESTNAME=AhbWriteTest not found. | utils/run_avip_circt_sim.sh: line 343: 1283923 Segmentation fault      timeout --signal=KILL ""$timeout_secs"" ""$@"""
compile	axi4	FAIL	15	zero-byte MLIR output	SKIP	-	-	-	-	-	-	-	sim failed (missing sim_seed_1.log)
compile	axi4Lite	OK	207	OK	FAIL	139	9	-	1	0	-	-	"UVM_FATAL @                 0 ns: reporter [INVTST] Requested test from command line +UVM_TESTNAME=Axi4LiteWriteTest not found. | utils/run_avip_circt_sim.sh: line 343: 1315282 Segmentation fault      timeout --signal=KILL ""$timeout_secs"" ""$@"""
compile	i2s	OK	116	OK	FAIL	139	4	-	1	0	-	-	"UVM_FATAL @                 0 ns: reporter [INVTST] Requested test from command line +UVM_TESTNAME=I2sWriteOperationWith8bitdataTxMasterRxSlaveWith48khzTest not found. | utils/run_avip_circt_sim.sh: line 343: 1328340 Segmentation fault      timeout --signal=KILL ""$timeout_secs"" ""$@"""
compile	i3c	OK	95	OK	FAIL	139	5	-	1	0	-	-	"UVM_FATAL @                 0 ns: reporter [INVTST] Requested test from command line +UVM_TESTNAME=i3c_writeOperationWith8bitsData_test not found. | utils/run_avip_circt_sim.sh: line 343: 1334350 Segmentation fault      timeout --signal=KILL ""$timeout_secs"" ""$@"""
compile	jtag	FAIL	0	zero-byte MLIR output	SKIP	-	-	-	-	-	-	-	sim failed (missing sim_seed_1.log)
compile	spi	FAIL	0	zero-byte MLIR output	SKIP	-	-	-	-	-	-	-	sim failed (missing sim_seed_1.log)
compile	uart	FAIL	0	zero-byte MLIR output	SKIP	-	-	-	-	-	-	-	sim failed (missing sim_seed_1.log)
